,antecedents,consequents,antecedent support,consequent support,support,confidence,lift,leverage,conviction,zhangs_metric
158,frozenset({'eggs'}),frozenset({'pepper'}),0.8061224489795918,0.8061224489795918,0.7551020408163265,0.9367088607594936,1.1619932703092453,0.10526863806747178,3.0632653061224433,0.7190611664295868
159,frozenset({'pepper'}),frozenset({'eggs'}),0.8061224489795918,0.8061224489795918,0.7551020408163265,0.9367088607594936,1.1619932703092453,0.10526863806747178,3.0632653061224433,0.7190611664295868
224,frozenset({'pepper'}),frozenset({'tea'}),0.8061224489795918,0.7857142857142857,0.7295918367346939,0.9050632911392404,1.1518987341772151,0.09620991253644318,2.257142857142856,0.6801619433198383
225,frozenset({'tea'}),frozenset({'pepper'}),0.7857142857142857,0.8061224489795918,0.7295918367346939,0.9285714285714286,1.1518987341772151,0.09620991253644318,2.7142857142857153,0.6153846153846155
250,"frozenset({'beer', 'bread'})",frozenset({'pepper'}),0.7755102040816326,0.8061224489795918,0.7346938775510204,0.9473684210526316,1.1752165223184545,0.10953769262807167,3.683673469387759,0.6641414141414143
252,"frozenset({'beer', 'pepper'})",frozenset({'bread'}),0.7857142857142857,0.8112244897959183,0.7346938775510204,0.9350649350649352,1.1526586620926245,0.09730320699708461,2.907142857142862,0.6180555555555559
253,frozenset({'bread'}),"frozenset({'beer', 'pepper'})",0.8112244897959183,0.7857142857142857,0.7346938775510204,0.9056603773584907,1.1526586620926245,0.09730320699708461,2.271428571428575,0.7015765765765768
255,frozenset({'pepper'}),"frozenset({'beer', 'bread'})",0.8061224489795918,0.7755102040816326,0.7346938775510204,0.9113924050632912,1.1752165223184545,0.10953769262807167,2.5335276967930054,0.7690058479532166
268,"frozenset({'beer', 'butter'})",frozenset({'milk'}),0.7806122448979592,0.8163265306122449,0.7346938775510204,0.9411764705882353,1.1529411764705881,0.09745939192003328,3.1224489795918355,0.6046511627906975
305,"frozenset({'beer', 'cheese'})",frozenset({'pepper'}),0.7857142857142857,0.8061224489795918,0.7346938775510204,0.9350649350649352,1.1599539700805526,0.10131195335276977,2.9857142857142898,0.643518518518519
308,frozenset({'pepper'}),"frozenset({'beer', 'cheese'})",0.8061224489795918,0.7857142857142857,0.7346938775510204,0.9113924050632912,1.1599539700805526,0.10131195335276977,2.418367346938778,0.711257309941521
346,"frozenset({'coffee', 'beer'})",frozenset({'pepper'}),0.7755102040816326,0.8061224489795918,0.7295918367346939,0.9407894736842105,1.1670552964690206,0.10443565181174508,3.274376417233559,0.6376350921805466
351,frozenset({'pepper'}),"frozenset({'coffee', 'beer'})",0.8061224489795918,0.7755102040816326,0.7295918367346939,0.9050632911392404,1.1670552964690206,0.10443565181174508,2.364625850340135,0.7383143172616855
376,"frozenset({'eggs', 'beer'})",frozenset({'pepper'}),0.7755102040816326,0.8061224489795918,0.7346938775510204,0.9473684210526316,1.1752165223184545,0.10953769262807167,3.683673469387759,0.6641414141414143
378,"frozenset({'beer', 'pepper'})",frozenset({'eggs'}),0.7857142857142857,0.8061224489795918,0.7346938775510204,0.9350649350649352,1.1599539700805526,0.10131195335276977,2.9857142857142898,0.643518518518519
379,frozenset({'eggs'}),"frozenset({'beer', 'pepper'})",0.8061224489795918,0.7857142857142857,0.7346938775510204,0.9113924050632912,1.1599539700805526,0.10131195335276977,2.418367346938778,0.711257309941521
381,frozenset({'pepper'}),"frozenset({'eggs', 'beer'})",0.8061224489795918,0.7755102040816326,0.7346938775510204,0.9113924050632912,1.1752165223184545,0.10953769262807167,2.5335276967930054,0.7690058479532166
437,"frozenset({'beer', 'juice'})",frozenset({'pepper'}),0.8214285714285714,0.8061224489795918,0.7653061224489796,0.9316770186335404,1.1557512383048982,0.10313411078717194,2.8376623376623367,0.7546666666666662
440,frozenset({'pepper'}),"frozenset({'beer', 'juice'})",0.8061224489795918,0.8214285714285714,0.7653061224489796,0.9493670886075949,1.1557512383048982,0.10313411078717194,3.5267857142857117,0.6950877192982452
551,"frozenset({'bread', 'juice'})",frozenset({'pepper'}),0.7602040816326531,0.8061224489795918,0.7346938775510204,0.9664429530201343,1.1988785999490272,0.12187630154102458,5.777551020408171,0.6917848699763594
552,"frozenset({'pepper', 'juice'})",frozenset({'bread'}),0.7857142857142857,0.8112244897959183,0.7346938775510204,0.9350649350649352,1.1526586620926245,0.09730320699708461,2.907142857142862,0.6180555555555559
553,frozenset({'bread'}),"frozenset({'pepper', 'juice'})",0.8112244897959183,0.7857142857142857,0.7346938775510204,0.9056603773584907,1.1526586620926245,0.09730320699708461,2.271428571428575,0.7015765765765768
554,frozenset({'pepper'}),"frozenset({'bread', 'juice'})",0.8061224489795918,0.7602040816326531,0.7346938775510204,0.9113924050632912,1.1988785999490275,0.12187630154102458,2.7062682215743465,0.8556286549707602
563,"frozenset({'bread', 'sugar'})",frozenset({'pepper'}),0.7806122448979592,0.8061224489795918,0.7295918367346939,0.9346405228758169,1.1594274840737981,0.10032278217409407,2.9663265306122404,0.6267685802569521
564,"frozenset({'pepper', 'sugar'})",frozenset({'bread'}),0.7755102040816326,0.8112244897959183,0.7295918367346939,0.9407894736842105,1.1597153260509765,0.10047896709704296,3.188208616780045,0.6134774316592502
566,frozenset({'pepper'}),"frozenset({'bread', 'sugar'})",0.8061224489795918,0.7806122448979592,0.7295918367346939,0.9050632911392404,1.1594274840737981,0.10032278217409407,2.310884353741495,0.7092381302907614
599,"frozenset({'coffee', 'juice'})",frozenset({'cheese'}),0.7857142857142857,0.8316326530612245,0.7551020408163265,0.961038961038961,1.1556051310652538,0.10167638483965014,4.32142857142857,0.6283783783783783
602,frozenset({'cheese'}),"frozenset({'coffee', 'juice'})",0.8316326530612245,0.7857142857142857,0.7551020408163265,0.9079754601226994,1.1556051310652538,0.10167638483965014,2.3285714285714283,0.7997542997542996
611,"frozenset({'eggs', 'juice'})",frozenset({'cheese'}),0.7653061224489796,0.8316326530612245,0.7346938775510204,0.9600000000000001,1.154355828220859,0.09824031653477727,4.209183673469396,0.5697463768115946
618,"frozenset({'sugar', 'cheese'})",frozenset({'eggs'}),0.7857142857142857,0.8061224489795918,0.7295918367346939,0.9285714285714286,1.1518987341772151,0.09620991253644318,2.7142857142857153,0.6153846153846155
619,frozenset({'eggs'}),"frozenset({'sugar', 'cheese'})",0.8061224489795918,0.7857142857142857,0.7295918367346939,0.9050632911392404,1.1518987341772151,0.09620991253644318,2.257142857142856,0.6801619433198383
634,"frozenset({'tomatoes', 'cheese'})",frozenset({'honey'}),0.7602040816326531,0.8367346938775511,0.7397959183673469,0.9731543624161073,1.1630381404485184,0.10370678883798412,6.081632653061207,0.5845928099779895
641,"frozenset({'cheese', 'water'})",frozenset({'honey'}),0.7551020408163265,0.8367346938775511,0.7397959183673469,0.9797297297297298,1.17089650626236,0.1079758433985839,8.054421768707519,0.5959770114942526
678,"frozenset({'juice', 'water'})",frozenset({'cheese'}),0.7806122448979592,0.8316326530612245,0.75,0.9607843137254901,1.1552989293877058,0.10081736776343186,4.2933673469387665,0.612719506407214
679,frozenset({'cheese'}),"frozenset({'juice', 'water'})",0.8316326530612245,0.7806122448979592,0.75,0.901840490797546,1.155298929387706,0.10081736776343186,2.2350127551020407,0.7983920841063694
683,"frozenset({'sugar', 'cheese'})",frozenset({'pepper'}),0.7857142857142857,0.8061224489795918,0.7346938775510204,0.9350649350649352,1.1599539700805526,0.10131195335276977,2.9857142857142898,0.643518518518519
686,frozenset({'pepper'}),"frozenset({'sugar', 'cheese'})",0.8061224489795918,0.7857142857142857,0.7346938775510204,0.9113924050632912,1.1599539700805526,0.10131195335276977,2.418367346938778,0.711257309941521
706,"frozenset({'tomatoes', 'cheese'})",frozenset({'water'}),0.7602040816326531,0.8367346938775511,0.7448979591836735,0.9798657718120806,1.171059093141267,0.10880882965431071,8.108843537414975,0.6091518507723696
708,"frozenset({'cheese', 'water'})",frozenset({'tomatoes'}),0.7551020408163265,0.8418367346938775,0.7448979591836735,0.9864864864864866,1.171826371826372,0.10922532278217423,11.704081632653182,0.5987442922374435
725,"frozenset({'coffee', 'sugar'})",frozenset({'coca-cola'}),0.7857142857142857,0.8061224489795918,0.7295918367346939,0.9285714285714286,1.1518987341772151,0.09620991253644318,2.7142857142857153,0.6153846153846155
728,frozenset({'coca-cola'}),"frozenset({'coffee', 'sugar'})",0.8061224489795918,0.7857142857142857,0.7295918367346939,0.9050632911392404,1.1518987341772151,0.09620991253644318,2.257142857142856,0.6801619433198383
731,"frozenset({'eggs', 'sugar'})",frozenset({'coca-cola'}),0.7806122448979592,0.8061224489795918,0.7295918367346939,0.9346405228758169,1.1594274840737981,0.10032278217409407,2.9663265306122404,0.6267685802569521
732,"frozenset({'coca-cola', 'sugar'})",frozenset({'eggs'}),0.7704081632653061,0.8061224489795918,0.7295918367346939,0.9470198675496688,1.1747841394919942,0.10854852144939608,3.6594387755102007,0.6480186480186481
733,frozenset({'eggs'}),"frozenset({'coca-cola', 'sugar'})",0.8061224489795918,0.7704081632653061,0.7295918367346939,0.9050632911392404,1.1747841394919942,0.10854852144939608,2.4183673469387736,0.7673905042326095
734,frozenset({'coca-cola'}),"frozenset({'eggs', 'sugar'})",0.8061224489795918,0.7806122448979592,0.7295918367346939,0.9050632911392404,1.1594274840737981,0.10032278217409407,2.310884353741495,0.7092381302907614
737,"frozenset({'coffee', 'juice'})",frozenset({'eggs'}),0.7857142857142857,0.8061224489795918,0.7346938775510204,0.9350649350649352,1.1599539700805526,0.10131195335276977,2.9857142857142898,0.643518518518519
740,frozenset({'eggs'}),"frozenset({'coffee', 'juice'})",0.8061224489795918,0.7857142857142857,0.7346938775510204,0.9113924050632912,1.1599539700805526,0.10131195335276977,2.418367346938778,0.711257309941521
743,"frozenset({'coffee', 'sugar'})",frozenset({'eggs'}),0.7857142857142857,0.8061224489795918,0.7397959183673469,0.9415584415584416,1.1680092059838896,0.10641399416909625,3.3174603174603194,0.6712643678160921
746,frozenset({'eggs'}),"frozenset({'coffee', 'sugar'})",0.8061224489795918,0.7857142857142857,0.7397959183673469,0.9177215189873418,1.1680092059838896,0.10641399416909625,2.604395604395605,0.7419237749546284
761,"frozenset({'coffee', 'juice'})",frozenset({'pepper'}),0.7857142857142857,0.8061224489795918,0.7397959183673469,0.9415584415584416,1.1680092059838896,0.10641399416909625,3.3174603174603194,0.6712643678160921
764,frozenset({'pepper'}),"frozenset({'coffee', 'juice'})",0.8061224489795918,0.7857142857142857,0.7397959183673469,0.9177215189873418,1.1680092059838896,0.10641399416909625,2.604395604395605,0.7419237749546284
791,"frozenset({'coffee', 'sugar'})",frozenset({'pepper'}),0.7857142857142857,0.8061224489795918,0.7346938775510204,0.9350649350649352,1.1599539700805526,0.10131195335276977,2.9857142857142898,0.643518518518519
794,frozenset({'pepper'}),"frozenset({'coffee', 'sugar'})",0.8061224489795918,0.7857142857142857,0.7346938775510204,0.9113924050632912,1.1599539700805526,0.10131195335276977,2.418367346938778,0.711257309941521
821,"frozenset({'eggs', 'juice'})",frozenset({'pepper'}),0.7653061224489796,0.8061224489795918,0.7397959183673469,0.9666666666666667,1.19915611814346,0.12286547271970016,5.816326530612246,0.7076461769115443
822,"frozenset({'pepper', 'juice'})",frozenset({'eggs'}),0.7857142857142857,0.8061224489795918,0.7397959183673469,0.9415584415584416,1.1680092059838896,0.10641399416909625,3.3174603174603194,0.6712643678160921
823,frozenset({'eggs'}),"frozenset({'pepper', 'juice'})",0.8061224489795918,0.7857142857142857,0.7397959183673469,0.9177215189873418,1.1680092059838896,0.10641399416909625,2.604395604395605,0.7419237749546284
824,frozenset({'pepper'}),"frozenset({'eggs', 'juice'})",0.8061224489795918,0.7653061224489796,0.7397959183673469,0.9177215189873418,1.19915611814346,0.12286547271970016,2.85243328100471,0.8566243194192381
833,"frozenset({'eggs', 'sugar'})",frozenset({'pepper'}),0.7806122448979592,0.8061224489795918,0.7295918367346939,0.9346405228758169,1.1594274840737981,0.10032278217409407,2.9663265306122404,0.6267685802569521
834,"frozenset({'pepper', 'sugar'})",frozenset({'eggs'}),0.7755102040816326,0.8061224489795918,0.7295918367346939,0.9407894736842105,1.1670552964690206,0.10443565181174508,3.274376417233559,0.6376350921805466
835,frozenset({'eggs'}),"frozenset({'pepper', 'sugar'})",0.8061224489795918,0.7755102040816326,0.7295918367346939,0.9050632911392404,1.1670552964690206,0.10443565181174508,2.364625850340135,0.7383143172616855
836,frozenset({'pepper'}),"frozenset({'eggs', 'sugar'})",0.8061224489795918,0.7806122448979592,0.7295918367346939,0.9050632911392404,1.1594274840737981,0.10032278217409407,2.310884353741495,0.7092381302907614
852,"frozenset({'honey', 'juice'})",frozenset({'pepper'}),0.8010204081632653,0.8061224489795918,0.7448979591836735,0.9299363057324842,1.1535918729339678,0.09917742607246993,2.767161410018558,0.669125395152793
853,frozenset({'pepper'}),"frozenset({'honey', 'juice'})",0.8061224489795918,0.8010204081632653,0.7448979591836735,0.9240506329113924,1.1535918729339678,0.09917742607246993,2.6198979591836755,0.6867339581831299
868,"frozenset({'tomatoes', 'juice'})",frozenset({'honey'}),0.7908163265306123,0.8367346938775511,0.7653061224489796,0.9677419354838709,1.156569630212431,0.10360266555601827,5.0612244897959044,0.6471544715447153
873,frozenset({'honey'}),"frozenset({'tomatoes', 'juice'})",0.8367346938775511,0.7908163265306123,0.7653061224489796,0.9146341463414633,1.156569630212431,0.10360266555601827,2.450437317784254,0.8291666666666665
875,"frozenset({'juice', 'water'})",frozenset({'honey'}),0.7806122448979592,0.8367346938775511,0.7602040816326531,0.9738562091503268,1.1638769328869758,0.10703873386089124,6.2448979591836675,0.6417980334009675
878,frozenset({'honey'}),"frozenset({'juice', 'water'})",0.8367346938775511,0.7806122448979592,0.7602040816326531,0.9085365853658536,1.1638769328869758,0.10703873386089124,2.3986394557823103,0.8624161073825501
880,"frozenset({'tomatoes', 'pepper'})",frozenset({'honey'}),0.75,0.8367346938775511,0.7295918367346939,0.9727891156462585,1.1626016260162602,0.1020408163265305,5.999999999999992,0.5594405594405588
881,"frozenset({'tomatoes', 'honey'})",frozenset({'pepper'}),0.7755102040816326,0.8061224489795918,0.7295918367346939,0.9407894736842105,1.1670552964690206,0.10443565181174508,3.274376417233559,0.6376350921805466
882,"frozenset({'pepper', 'honey'})",frozenset({'tomatoes'}),0.75,0.8418367346938775,0.7295918367346939,0.9727891156462585,1.1555555555555554,0.0982142857142857,5.812499999999994,0.5384615384615384
884,frozenset({'pepper'}),"frozenset({'tomatoes', 'honey'})",0.8061224489795918,0.7755102040816326,0.7295918367346939,0.9050632911392404,1.1670552964690206,0.10443565181174508,2.364625850340135,0.7383143172616855
886,"frozenset({'pepper', 'honey'})",frozenset({'water'}),0.75,0.8367346938775511,0.7295918367346939,0.9727891156462585,1.1626016260162602,0.1020408163265305,5.999999999999992,0.5594405594405588
887,"frozenset({'pepper', 'water'})",frozenset({'honey'}),0.75,0.8367346938775511,0.7295918367346939,0.9727891156462585,1.1626016260162602,0.1020408163265305,5.999999999999992,0.5594405594405588
888,"frozenset({'honey', 'water'})",frozenset({'pepper'}),0.7755102040816326,0.8061224489795918,0.7295918367346939,0.9407894736842105,1.1670552964690206,0.10443565181174508,3.274376417233559,0.6376350921805466
889,frozenset({'pepper'}),"frozenset({'honey', 'water'})",0.8061224489795918,0.7755102040816326,0.7295918367346939,0.9050632911392404,1.1670552964690206,0.10443565181174508,2.364625850340135,0.7383143172616855
904,"frozenset({'sugar', 'honey'})",frozenset({'water'}),0.7857142857142857,0.8367346938775511,0.7704081632653061,0.9805194805194806,1.171840354767184,0.11297376093294464,8.3809523809524,0.6843267108167772
909,frozenset({'water'}),"frozenset({'sugar', 'honey'})",0.8367346938775511,0.7857142857142857,0.7704081632653061,0.9207317073170731,1.171840354767184,0.11297376093294464,2.7032967032967012,0.8981788079470204
910,"frozenset({'tomatoes', 'honey'})",frozenset({'water'}),0.7755102040816326,0.8367346938775511,0.7551020408163265,0.9736842105263157,1.1636713735558406,0.10620574760516444,6.204081632653041,0.626535626535626
912,"frozenset({'honey', 'water'})",frozenset({'tomatoes'}),0.7755102040816326,0.8418367346938775,0.7551020408163265,0.9736842105263157,1.1566188197767144,0.10224906289046232,6.010204081632635,0.6031941031941033
915,frozenset({'water'}),"frozenset({'tomatoes', 'honey'})",0.8367346938775511,0.7755102040816326,0.7551020408163265,0.9024390243902438,1.1636713735558408,0.10620574760516444,2.3010204081632635,0.8614864864864862
918,"frozenset({'juice', 'milk'})",frozenset({'pepper'}),0.7755102040816326,0.8061224489795918,0.7295918367346939,0.9407894736842105,1.1670552964690206,0.10443565181174508,3.274376417233559,0.6376350921805466
919,frozenset({'pepper'}),"frozenset({'juice', 'milk'})",0.8061224489795918,0.7755102040816326,0.7295918367346939,0.9050632911392404,1.1670552964690206,0.10443565181174508,2.364625850340135,0.7383143172616855
930,"frozenset({'pens', 'juice'})",frozenset({'pepper'}),0.7653061224489796,0.8061224489795918,0.7295918367346939,0.9533333333333334,1.1826160337552742,0.11266139108704709,4.15451895043732,0.6579507449072667
931,frozenset({'pepper'}),"frozenset({'pens', 'juice'})",0.8061224489795918,0.7653061224489796,0.7295918367346939,0.9050632911392404,1.1826160337552742,0.11266139108704709,2.4721088435374137,0.7964666912035335
948,"frozenset({'sugar', 'juice'})",frozenset({'pepper'}),0.8061224489795918,0.8061224489795918,0.7551020408163265,0.9367088607594936,1.1619932703092453,0.10526863806747178,3.0632653061224433,0.7190611664295868
949,frozenset({'pepper'}),"frozenset({'sugar', 'juice'})",0.8061224489795918,0.8061224489795918,0.7551020408163265,0.9367088607594936,1.1619932703092453,0.10526863806747178,3.0632653061224433,0.7190611664295868
953,"frozenset({'tomatoes', 'juice'})",frozenset({'pepper'}),0.7908163265306123,0.8061224489795918,0.7397959183673469,0.9354838709677419,1.1604736627194772,0.10230112453144513,3.005102040816324,0.6610597140454157
956,frozenset({'pepper'}),"frozenset({'tomatoes', 'juice'})",0.8061224489795918,0.7908163265306123,0.7397959183673469,0.9177215189873418,1.1604736627194774,0.10230112453144513,2.542386185243328,0.7132486388384749
960,"frozenset({'juice', 'water'})",frozenset({'pepper'}),0.7806122448979592,0.8061224489795918,0.7397959183673469,0.9477124183006536,1.1756432530818235,0.11052686380674714,3.7079081632653033,0.6809943865276662
961,frozenset({'pepper'}),"frozenset({'juice', 'water'})",0.8061224489795918,0.7806122448979592,0.7397959183673469,0.9177215189873418,1.1756432530818235,0.11052686380674714,2.6664050235478807,0.7705989110707802
994,"frozenset({'tomatoes', 'juice'})",frozenset({'water'}),0.7908163265306123,0.8367346938775511,0.7704081632653061,0.9741935483870967,1.1642800944138472,0.10870470637234486,6.326530612244881,0.6745275399773867
996,"frozenset({'juice', 'water'})",frozenset({'tomatoes'}),0.7806122448979592,0.8418367346938775,0.7704081632653061,0.9869281045751633,1.1723509605862545,0.11326009995835074,12.099489795918307,0.6701062682889268
997,frozenset({'tomatoes'}),"frozenset({'juice', 'water'})",0.8418367346938775,0.7806122448979592,0.7704081632653061,0.9151515151515152,1.1723509605862548,0.11326009995835074,2.5856413994169096,0.9295022431104468
999,frozenset({'water'}),"frozenset({'tomatoes', 'juice'})",0.8367346938775511,0.7908163265306123,0.7704081632653061,0.9207317073170731,1.1642800944138472,0.10870470637234486,2.63893249607535,0.8642384105960267
1030,"frozenset({'tomatoes', 'pepper'})",frozenset({'water'}),0.75,0.8367346938775511,0.7346938775510204,0.979591836734694,1.1707317073170733,0.1071428571428571,8.000000000000032,0.583333333333333
1032,"frozenset({'pepper', 'water'})",frozenset({'tomatoes'}),0.75,0.8418367346938775,0.7346938775510204,0.979591836734694,1.1636363636363638,0.10331632653061229,7.750000000000034,0.5625000000000002
1054,"frozenset({'tomatoes', 'sugar'})",frozenset({'water'}),0.8112244897959183,0.8367346938775511,0.7908163265306123,0.9748427672955976,1.1650559901825435,0.11203665139525198,6.489795918367375,0.7504795117698342
1059,frozenset({'water'}),"frozenset({'tomatoes', 'sugar'})",0.8367346938775511,0.8112244897959183,0.7908163265306123,0.9451219512195123,1.1650559901825435,0.11203665139525198,3.439909297052159,0.8677419354838712
1064,"frozenset({'beer', 'cheese'})","frozenset({'juice', 'honey'})",0.7857142857142857,0.8010204081632653,0.7346938775510204,0.9350649350649352,1.1673422119281993,0.10532069970845492,3.0642857142857194,0.6689814814814822
1065,"frozenset({'honey', 'cheese'})","frozenset({'beer', 'juice'})",0.7755102040816326,0.8214285714285714,0.7346938775510204,0.9473684210526316,1.1533180778032037,0.09766763848396509,3.3928571428571472,0.5921717171717176
1069,"frozenset({'juice', 'honey'})","frozenset({'beer', 'cheese'})",0.8010204081632653,0.7857142857142857,0.7346938775510204,0.9171974522292995,1.1673422119281993,0.10532069970845492,2.587912087912092,0.720441595441596
1078,"frozenset({'beer', 'cheese'})","frozenset({'sugar', 'juice'})",0.7857142857142857,0.8061224489795918,0.7346938775510204,0.9350649350649352,1.1599539700805526,0.10131195335276977,2.9857142857142898,0.643518518518519
1083,"frozenset({'sugar', 'juice'})","frozenset({'beer', 'cheese'})",0.8061224489795918,0.7857142857142857,0.7346938775510204,0.9113924050632912,1.1599539700805526,0.10131195335276977,2.418367346938778,0.711257309941521
1104,"frozenset({'beer', 'tomatoes', 'juice'})",frozenset({'honey'}),0.7602040816326531,0.8367346938775511,0.7346938775510204,0.9664429530201343,1.1550171877557702,0.09860474802165764,4.8653061224489855,0.5596926713947991
1106,"frozenset({'beer', 'honey'})","frozenset({'tomatoes', 'juice'})",0.7908163265306123,0.7908163265306123,0.7346938775510204,0.9290322580645162,1.1747762747138397,0.1093034152436484,2.947588126159556,0.7112127371273709
1109,"frozenset({'tomatoes', 'honey'})","frozenset({'beer', 'juice'})",0.7755102040816326,0.8214285714285714,0.7346938775510204,0.9473684210526316,1.1533180778032037,0.09766763848396509,3.3928571428571472,0.5921717171717176
1111,"frozenset({'tomatoes', 'juice'})","frozenset({'beer', 'honey'})",0.7908163265306123,0.7908163265306123,0.7346938775510204,0.9290322580645162,1.1747762747138397,0.1093034152436484,2.947588126159556,0.7112127371273709
1118,"frozenset({'beer', 'juice', 'water'})",frozenset({'honey'}),0.75,0.8367346938775511,0.7295918367346939,0.9727891156462585,1.1626016260162602,0.1020408163265305,5.999999999999992,0.5594405594405588
1120,"frozenset({'beer', 'honey'})","frozenset({'juice', 'water'})",0.7908163265306123,0.7806122448979592,0.7295918367346939,0.9225806451612902,1.1818680160236137,0.11227092877967504,2.833758503401357,0.7356302234351011
1125,"frozenset({'juice', 'water'})","frozenset({'beer', 'honey'})",0.7806122448979592,0.7908163265306123,0.7295918367346939,0.9346405228758169,1.1818680160236135,0.11227092877967504,3.200510204081627,0.7014148642055614
1131,"frozenset({'beer', 'sugar', 'honey'})",frozenset({'tomatoes'}),0.75,0.8418367346938775,0.7295918367346939,0.9727891156462585,1.1555555555555554,0.0982142857142857,5.812499999999994,0.5384615384615384
1135,"frozenset({'beer', 'tomatoes'})","frozenset({'sugar', 'honey'})",0.8061224489795918,0.7857142857142857,0.7295918367346939,0.9050632911392404,1.1518987341772151,0.09620991253644318,2.257142857142856,0.6801619433198383
1138,"frozenset({'sugar', 'honey'})","frozenset({'beer', 'tomatoes'})",0.7857142857142857,0.8061224489795918,0.7295918367346939,0.9285714285714286,1.1518987341772151,0.09620991253644318,2.7142857142857153,0.6153846153846155
1144,"frozenset({'beer', 'sugar', 'honey'})",frozenset({'water'}),0.75,0.8367346938775511,0.7397959183673469,0.9863945578231292,1.178861788617886,0.11224489795918358,11.999999999999984,0.6068965517241374
1150,"frozenset({'beer', 'water'})","frozenset({'sugar', 'honey'})",0.8010204081632653,0.7857142857142857,0.7397959183673469,0.9235668789808917,1.1754487550665895,0.1104227405247814,2.8035714285714293,0.7501326259946952
1151,"frozenset({'sugar', 'honey'})","frozenset({'beer', 'water'})",0.7857142857142857,0.8010204081632653,0.7397959183673469,0.9415584415584416,1.1754487550665895,0.1104227405247814,3.4047619047619078,0.6965517241379313
1160,"frozenset({'beer', 'sugar', 'juice'})",frozenset({'pepper'}),0.7755102040816326,0.8061224489795918,0.7346938775510204,0.9473684210526316,1.1752165223184545,0.10953769262807167,3.683673469387759,0.6641414141414143
1162,"frozenset({'beer', 'pepper'})","frozenset({'sugar', 'juice'})",0.7857142857142857,0.8061224489795918,0.7346938775510204,0.9350649350649352,1.1599539700805526,0.10131195335276977,2.9857142857142898,0.643518518518519
1166,"frozenset({'pepper', 'sugar'})","frozenset({'beer', 'juice'})",0.7755102040816326,0.8214285714285714,0.7346938775510204,0.9473684210526316,1.1533180778032037,0.09766763848396509,3.3928571428571472,0.5921717171717176
1167,"frozenset({'sugar', 'juice'})","frozenset({'beer', 'pepper'})",0.8061224489795918,0.7857142857142857,0.7346938775510204,0.9113924050632912,1.1599539700805526,0.10131195335276977,2.418367346938778,0.711257309941521
1169,frozenset({'pepper'}),"frozenset({'beer', 'sugar', 'juice'})",0.8061224489795918,0.7755102040816326,0.7346938775510204,0.9113924050632912,1.1752165223184545,0.10953769262807167,2.5335276967930054,0.7690058479532166
1200,"frozenset({'beer', 'tomatoes', 'juice'})",frozenset({'water'}),0.7602040816326531,0.8367346938775511,0.7397959183673469,0.9731543624161073,1.1630381404485184,0.10370678883798412,6.081632653061207,0.5845928099779895
1202,"frozenset({'beer', 'juice', 'water'})",frozenset({'tomatoes'}),0.75,0.8418367346938775,0.7397959183673469,0.9863945578231292,1.1717171717171717,0.10841836734693877,11.624999999999988,0.5862068965517241
1204,"frozenset({'beer', 'tomatoes'})","frozenset({'juice', 'water'})",0.8061224489795918,0.7806122448979592,0.7397959183673469,0.9177215189873418,1.1756432530818235,0.11052686380674714,2.6664050235478807,0.7705989110707802
1206,"frozenset({'beer', 'water'})","frozenset({'tomatoes', 'juice'})",0.8010204081632653,0.7908163265306123,0.7397959183673469,0.9235668789808917,1.167865214711321,0.10633590170762186,2.7368197278911564,0.72236958443855
1207,"frozenset({'tomatoes', 'juice'})","frozenset({'beer', 'water'})",0.7908163265306123,0.8010204081632653,0.7397959183673469,0.9354838709677419,1.167865214711321,0.10633590170762186,3.084183673469386,0.6871320437342308
1209,"frozenset({'juice', 'water'})","frozenset({'beer', 'tomatoes'})",0.7806122448979592,0.8061224489795918,0.7397959183673469,0.9477124183006536,1.1756432530818235,0.11052686380674714,3.7079081632653033,0.6809943865276662
1228,"frozenset({'beer', 'tomatoes', 'sugar'})",frozenset({'water'}),0.7755102040816326,0.8367346938775511,0.7551020408163265,0.9736842105263157,1.1636713735558406,0.10620574760516444,6.204081632653041,0.626535626535626
1234,"frozenset({'beer', 'water'})","frozenset({'tomatoes', 'sugar'})",0.8010204081632653,0.8112244897959183,0.7551020408163265,0.9426751592356688,1.1620398189320196,0.10529466888796335,3.2930839002267587,0.7007969507969507
1235,"frozenset({'tomatoes', 'sugar'})","frozenset({'beer', 'water'})",0.8112244897959183,0.8010204081632653,0.7551020408163265,0.9308176100628931,1.1620398189320196,0.10529466888796335,2.8761595547309846,0.7386778670562454
1241,frozenset({'water'}),"frozenset({'beer', 'tomatoes', 'sugar'})",0.8367346938775511,0.7755102040816326,0.7551020408163265,0.9024390243902438,1.1636713735558408,0.10620574760516444,2.3010204081632635,0.8614864864864862
1244,"frozenset({'coffee', 'sugar', 'juice'})",frozenset({'cheese'}),0.75,0.8316326530612245,0.7346938775510204,0.979591836734694,1.177914110429448,0.11096938775510212,8.250000000000037,0.6041666666666671
1246,"frozenset({'coffee', 'cheese'})","frozenset({'sugar', 'juice'})",0.7653061224489796,0.8061224489795918,0.7346938775510204,0.9600000000000001,1.1908860759493671,0.11776343190337368,4.846938775510213,0.682971014492754
1247,"frozenset({'coffee', 'juice'})","frozenset({'sugar', 'cheese'})",0.7857142857142857,0.7857142857142857,0.7346938775510204,0.9350649350649352,1.1900826446280992,0.11734693877551028,3.3000000000000047,0.7453703703703708
1248,"frozenset({'coffee', 'sugar'})","frozenset({'juice', 'cheese'})",0.7857142857142857,0.8112244897959183,0.7346938775510204,0.9350649350649352,1.1526586620926245,0.09730320699708461,2.907142857142862,0.6180555555555559
1249,"frozenset({'juice', 'cheese'})","frozenset({'coffee', 'sugar'})",0.8112244897959183,0.7857142857142857,0.7346938775510204,0.9056603773584907,1.1526586620926245,0.09730320699708461,2.271428571428575,0.7015765765765768
1250,"frozenset({'sugar', 'cheese'})","frozenset({'coffee', 'juice'})",0.7857142857142857,0.7857142857142857,0.7346938775510204,0.9350649350649352,1.1900826446280992,0.11734693877551028,3.3000000000000047,0.7453703703703708
1251,"frozenset({'sugar', 'juice'})","frozenset({'coffee', 'cheese'})",0.8061224489795918,0.7653061224489796,0.7346938775510204,0.9113924050632912,1.1908860759493674,0.11776343190337368,2.648688046647233,0.8267543859649129
1259,"frozenset({'sugar', 'juice', 'honey'})",frozenset({'cheese'}),0.7602040816326531,0.8316326530612245,0.7346938775510204,0.9664429530201343,1.1621031827726769,0.10248334027488548,5.017346938775518,0.5817080378250592
1260,"frozenset({'honey', 'cheese'})","frozenset({'sugar', 'juice'})",0.7755102040816326,0.8061224489795918,0.7346938775510204,0.9473684210526316,1.1752165223184545,0.10953769262807167,3.683673469387759,0.6641414141414143
1261,"frozenset({'juice', 'cheese'})","frozenset({'sugar', 'honey'})",0.8112244897959183,0.7857142857142857,0.7346938775510204,0.9056603773584907,1.1526586620926245,0.09730320699708461,2.271428571428575,0.7015765765765768
1262,"frozenset({'sugar', 'cheese'})","frozenset({'juice', 'honey'})",0.7857142857142857,0.8010204081632653,0.7346938775510204,0.9350649350649352,1.1673422119281993,0.10532069970845492,3.0642857142857194,0.6689814814814822
1263,"frozenset({'juice', 'honey'})","frozenset({'sugar', 'cheese'})",0.8010204081632653,0.7857142857142857,0.7346938775510204,0.9171974522292995,1.1673422119281993,0.10532069970845492,2.587912087912092,0.720441595441596
1264,"frozenset({'sugar', 'honey'})","frozenset({'juice', 'cheese'})",0.7857142857142857,0.8112244897959183,0.7346938775510204,0.9350649350649352,1.1526586620926245,0.09730320699708461,2.907142857142862,0.6180555555555559
1265,"frozenset({'sugar', 'juice'})","frozenset({'honey', 'cheese'})",0.8061224489795918,0.7755102040816326,0.7346938775510204,0.9113924050632912,1.1752165223184545,0.10953769262807167,2.5335276967930054,0.7690058479532166
1270,"frozenset({'tomatoes', 'juice', 'cheese'})",frozenset({'honey'}),0.7448979591836735,0.8367346938775511,0.7295918367346939,0.9794520547945205,1.1705646508519878,0.10630987088713029,7.945578231292483,0.5711888111888109
1274,"frozenset({'tomatoes', 'cheese'})","frozenset({'honey', 'juice'})",0.7602040816326531,0.8010204081632653,0.7295918367346939,0.959731543624161,1.1981361945881246,0.12065285297792583,4.94132653061224,0.6896295194167533
1276,"frozenset({'honey', 'cheese'})","frozenset({'tomatoes', 'juice'})",0.7755102040816326,0.7908163265306123,0.7295918367346939,0.9407894736842105,1.1896434634974533,0.11630570595585166,3.5328798185941026,0.710108073744437
1277,"frozenset({'tomatoes', 'juice'})","frozenset({'honey', 'cheese'})",0.7908163265306123,0.7755102040816326,0.7295918367346939,0.9225806451612902,1.1896434634974533,0.11630570595585166,2.8996598639455753,0.7620672010915911
1278,"frozenset({'tomatoes', 'honey'})","frozenset({'juice', 'cheese'})",0.7755102040816326,0.8112244897959183,0.7295918367346939,0.9407894736842105,1.1597153260509765,0.10047896709704296,3.188208616780045,0.6134774316592502
1279,"frozenset({'honey', 'juice'})","frozenset({'tomatoes', 'cheese'})",0.8010204081632653,0.7602040816326531,0.7295918367346939,0.910828025477707,1.1981361945881246,0.12065285297792583,2.6891399416909625,0.8310919849381383
1285,"frozenset({'juice', 'cheese', 'water'})",frozenset({'honey'}),0.75,0.8367346938775511,0.7346938775510204,0.979591836734694,1.1707317073170733,0.1071428571428571,8.000000000000032,0.583333333333333
1287,"frozenset({'honey', 'juice', 'water'})",frozenset({'cheese'}),0.7602040816326531,0.8316326530612245,0.7346938775510204,0.9664429530201343,1.1621031827726769,0.10248334027488548,5.017346938775518,0.5817080378250592
1288,"frozenset({'juice', 'cheese'})","frozenset({'honey', 'water'})",0.8112244897959183,0.7755102040816326,0.7346938775510204,0.9056603773584907,1.1678252234359485,0.10558100791336955,2.3795918367346975,0.7612612612612619
1289,"frozenset({'honey', 'cheese'})","frozenset({'juice', 'water'})",0.7755102040816326,0.7806122448979592,0.7346938775510204,0.9473684210526316,1.2136222910216719,0.1293211162015827,4.16836734693878,0.7840909090909093
1290,"frozenset({'cheese', 'water'})","frozenset({'honey', 'juice'})",0.7551020408163265,0.8010204081632653,0.7346938775510204,0.9729729729729731,1.214666896195559,0.12984173261141208,7.362244897959231,0.7216435185185193
1291,"frozenset({'honey', 'juice'})","frozenset({'cheese', 'water'})",0.8010204081632653,0.7551020408163265,0.7346938775510204,0.9171974522292995,1.214666896195559,0.12984173261141208,2.957613814756677,0.8881766381766389
1292,"frozenset({'juice', 'water'})","frozenset({'honey', 'cheese'})",0.7806122448979592,0.7755102040816326,0.7346938775510204,0.9411764705882353,1.2136222910216719,0.1293211162015827,3.8163265306122445,0.8023255813953492
1293,"frozenset({'honey', 'water'})","frozenset({'juice', 'cheese'})",0.7755102040816326,0.8112244897959183,0.7346938775510204,0.9473684210526316,1.1678252234359485,0.10558100791336955,3.5867346938775557,0.6401515151515158
1299,"frozenset({'tomatoes', 'sugar', 'cheese'})",frozenset({'honey'}),0.75,0.8367346938775511,0.7346938775510204,0.979591836734694,1.1707317073170733,0.1071428571428571,8.000000000000032,0.583333333333333
1300,"frozenset({'honey', 'sugar', 'cheese'})",frozenset({'tomatoes'}),0.7448979591836735,0.8418367346938775,0.7346938775510204,0.9863013698630136,1.1716064757160647,0.10761141191170343,11.545918367346893,0.5741666666666666
1301,"frozenset({'tomatoes', 'sugar', 'honey'})",frozenset({'cheese'}),0.7602040816326531,0.8316326530612245,0.7346938775510204,0.9664429530201343,1.1621031827726769,0.10248334027488548,5.017346938775518,0.5817080378250592
1302,"frozenset({'tomatoes', 'cheese'})","frozenset({'sugar', 'honey'})",0.7602040816326531,0.7857142857142857,0.7346938775510204,0.9664429530201343,1.2300183038438073,0.13739067055393595,6.385714285714295,0.7798463356974
1303,"frozenset({'honey', 'cheese'})","frozenset({'tomatoes', 'sugar'})",0.7755102040816326,0.8112244897959183,0.7346938775510204,0.9473684210526316,1.1678252234359485,0.10558100791336955,3.5867346938775557,0.6401515151515158
1304,"frozenset({'sugar', 'cheese'})","frozenset({'tomatoes', 'honey'})",0.7857142857142857,0.7755102040816326,0.7346938775510204,0.9350649350649352,1.2057416267942584,0.1253644314868806,3.457142857142862,0.7962962962962971
1305,"frozenset({'tomatoes', 'honey'})","frozenset({'sugar', 'cheese'})",0.7755102040816326,0.7857142857142857,0.7346938775510204,0.9473684210526316,1.2057416267942584,0.1253644314868806,4.0714285714285765,0.7601010101010108
1306,"frozenset({'tomatoes', 'sugar'})","frozenset({'honey', 'cheese'})",0.8112244897959183,0.7755102040816326,0.7346938775510204,0.9056603773584907,1.1678252234359485,0.10558100791336955,2.3795918367346975,0.7612612612612619
1307,"frozenset({'sugar', 'honey'})","frozenset({'tomatoes', 'cheese'})",0.7857142857142857,0.7602040816326531,0.7346938775510204,0.9350649350649352,1.2300183038438073,0.13739067055393595,3.692857142857148,0.8726851851851857
1312,"frozenset({'honey', 'sugar', 'cheese'})",frozenset({'water'}),0.7448979591836735,0.8367346938775511,0.7346938775510204,0.9863013698630136,1.1787504176411625,0.11141191170345688,11.918367346938725,0.5944444444444444
1314,"frozenset({'sugar', 'cheese', 'water'})",frozenset({'honey'}),0.7448979591836735,0.8367346938775511,0.7346938775510204,0.9863013698630136,1.1787504176411625,0.11141191170345688,11.918367346938725,0.5944444444444444
1317,"frozenset({'sugar', 'cheese'})","frozenset({'honey', 'water'})",0.7857142857142857,0.7755102040816326,0.7346938775510204,0.9350649350649352,1.2057416267942584,0.1253644314868806,3.457142857142862,0.7962962962962971
1318,"frozenset({'cheese', 'water'})","frozenset({'sugar', 'honey'})",0.7551020408163265,0.7857142857142857,0.7346938775510204,0.9729729729729731,1.2383292383292386,0.1413994169096211,7.928571428571478,0.78587962962963
1319,"frozenset({'sugar', 'honey'})","frozenset({'cheese', 'water'})",0.7857142857142857,0.7551020408163265,0.7346938775510204,0.9350649350649352,1.2383292383292386,0.1413994169096211,3.7714285714285776,0.8981481481481488
1320,"frozenset({'honey', 'water'})","frozenset({'sugar', 'cheese'})",0.7755102040816326,0.7857142857142857,0.7346938775510204,0.9473684210526316,1.2057416267942584,0.1253644314868806,4.0714285714285765,0.7601010101010108
1326,"frozenset({'tomatoes', 'honey', 'cheese'})",frozenset({'water'}),0.7397959183673469,0.8367346938775511,0.7295918367346939,0.9862068965517241,1.178637510513036,0.11057892544773007,11.836734693877524,0.5824763471822293
1327,"frozenset({'tomatoes', 'cheese', 'water'})",frozenset({'honey'}),0.7448979591836735,0.8367346938775511,0.7295918367346939,0.9794520547945205,1.1705646508519878,0.10630987088713029,7.945578231292483,0.5711888111888109
1328,"frozenset({'honey', 'cheese', 'water'})",frozenset({'tomatoes'}),0.7397959183673469,0.8418367346938775,0.7295918367346939,0.9862068965517241,1.1714942528735632,0.10680445647646808,11.466836734693855,0.5625942684766211
1329,"frozenset({'tomatoes', 'honey', 'water'})",frozenset({'cheese'}),0.7551020408163265,0.8316326530612245,0.7295918367346939,0.9662162162162162,1.1618305421986403,0.10162432319866721,4.983673469387758,0.5687645687645686
1330,"frozenset({'tomatoes', 'cheese'})","frozenset({'honey', 'water'})",0.7602040816326531,0.7755102040816326,0.7295918367346939,0.959731543624161,1.2375485694101025,0.14004581424406493,5.574829931972783,0.8004761196250556
1331,"frozenset({'honey', 'cheese'})","frozenset({'tomatoes', 'water'})",0.7755102040816326,0.8010204081632653,0.7295918367346939,0.9407894736842105,1.174488769694938,0.10839233652644731,3.3605442176870746,0.6617927527018436
1332,"frozenset({'cheese', 'water'})","frozenset({'tomatoes', 'honey'})",0.7551020408163265,0.7755102040816326,0.7295918367346939,0.9662162162162162,1.2459103840682788,0.14400249895876727,6.644897959183677,0.8059440559440563
1333,"frozenset({'tomatoes', 'honey'})","frozenset({'cheese', 'water'})",0.7755102040816326,0.7551020408163265,0.7295918367346939,0.9407894736842105,1.2459103840682788,0.14400249895876727,4.136054421768707,0.8792116973935161
1334,"frozenset({'tomatoes', 'water'})","frozenset({'honey', 'cheese'})",0.8010204081632653,0.7755102040816326,0.7295918367346939,0.910828025477707,1.174488769694938,0.10839233652644731,2.5174927113702634,0.7466379774072079
1335,"frozenset({'honey', 'water'})","frozenset({'tomatoes', 'cheese'})",0.7755102040816326,0.7602040816326531,0.7295918367346939,0.9407894736842105,1.2375485694101025,0.14004581424406493,4.049886621315191,0.8550540368722184
1344,"frozenset({'tomatoes', 'cheese'})","frozenset({'sugar', 'juice'})",0.7602040816326531,0.8061224489795918,0.7346938775510204,0.9664429530201343,1.1988785999490272,0.12187630154102458,5.777551020408171,0.6917848699763594
1346,"frozenset({'sugar', 'cheese'})","frozenset({'tomatoes', 'juice'})",0.7857142857142857,0.7908163265306123,0.7346938775510204,0.9350649350649352,1.1824046920821114,0.11333819241982512,3.221428571428575,0.7199074074074077
1347,"frozenset({'tomatoes', 'juice'})","frozenset({'sugar', 'cheese'})",0.7908163265306123,0.7857142857142857,0.7346938775510204,0.9290322580645162,1.1824046920821114,0.11333819241982512,3.0194805194805214,0.7374661246612471
1349,"frozenset({'sugar', 'juice'})","frozenset({'tomatoes', 'cheese'})",0.8061224489795918,0.7602040816326531,0.7346938775510204,0.9113924050632912,1.1988785999490275,0.12187630154102458,2.7062682215743465,0.8556286549707602
1354,"frozenset({'sugar', 'juice', 'cheese'})",frozenset({'water'}),0.7653061224489796,0.8367346938775511,0.7397959183673469,0.9666666666666667,1.1552845528455284,0.09943773427738445,4.8979591836734695,0.5727136431784109
1357,"frozenset({'sugar', 'juice', 'water'})",frozenset({'cheese'}),0.7704081632653061,0.8316326530612245,0.7397959183673469,0.9602649006622516,1.1546743590785356,0.09909933361099543,4.237244897959174,0.583448275862069
1359,"frozenset({'sugar', 'cheese'})","frozenset({'juice', 'water'})",0.7857142857142857,0.7806122448979592,0.7397959183673469,0.9415584415584416,1.2061794414735592,0.1264577259475218,3.7539682539682557,0.7977011494252868
1360,"frozenset({'cheese', 'water'})","frozenset({'sugar', 'juice'})",0.7551020408163265,0.8061224489795918,0.7397959183673469,0.9797297297297298,1.2153609305508042,0.13109121199500207,9.564625850340182,0.7235632183908044
1361,"frozenset({'sugar', 'juice'})","frozenset({'cheese', 'water'})",0.8061224489795918,0.7551020408163265,0.7397959183673469,0.9177215189873418,1.215360930550804,0.13109121199500207,2.976452119309263,0.9139745916515426
1362,"frozenset({'juice', 'water'})","frozenset({'sugar', 'cheese'})",0.7806122448979592,0.7857142857142857,0.7397959183673469,0.9477124183006536,1.2061794414735592,0.1264577259475218,4.098214285714283,0.7791499599037688
1368,"frozenset({'tomatoes', 'juice', 'cheese'})",frozenset({'water'}),0.7448979591836735,0.8367346938775511,0.7397959183673469,0.9931506849315068,1.1869361844303374,0.11651395251978336,23.83673469387745,0.6173793103448274
1370,"frozenset({'juice', 'cheese', 'water'})",frozenset({'tomatoes'}),0.75,0.8418367346938775,0.7397959183673469,0.9863945578231292,1.1717171717171717,0.10841836734693877,11.624999999999988,0.5862068965517241
1371,"frozenset({'tomatoes', 'juice', 'water'})",frozenset({'cheese'}),0.7704081632653061,0.8316326530612245,0.7397959183673469,0.9602649006622516,1.1546743590785356,0.09909933361099543,4.237244897959174,0.583448275862069
1372,"frozenset({'tomatoes', 'cheese'})","frozenset({'juice', 'water'})",0.7602040816326531,0.7806122448979592,0.7397959183673469,0.9731543624161073,1.2466552616572355,0.14637130362349016,8.172193877550997,0.8250917094644165
1374,"frozenset({'cheese', 'water'})","frozenset({'tomatoes', 'juice'})",0.7551020408163265,0.7908163265306123,0.7397959183673469,0.9797297297297298,1.2388840453356582,0.1426488962932112,10.319727891156509,0.7873563218390806
1375,"frozenset({'tomatoes', 'juice'})","frozenset({'cheese', 'water'})",0.7908163265306123,0.7551020408163265,0.7397959183673469,0.9354838709677419,1.2388840453356582,0.1426488962932112,3.7959183673469363,0.921783010933558
1377,"frozenset({'juice', 'water'})","frozenset({'tomatoes', 'cheese'})",0.7806122448979592,0.7602040816326531,0.7397959183673469,0.9477124183006536,1.2466552616572355,0.14637130362349016,4.586096938775507,0.9018444266238971
1382,"frozenset({'tomatoes', 'sugar', 'cheese'})",frozenset({'water'}),0.75,0.8367346938775511,0.7346938775510204,0.979591836734694,1.1707317073170733,0.1071428571428571,8.000000000000032,0.583333333333333
1384,"frozenset({'sugar', 'cheese', 'water'})",frozenset({'tomatoes'}),0.7448979591836735,0.8418367346938775,0.7346938775510204,0.9863013698630136,1.1716064757160647,0.10761141191170343,11.545918367346893,0.5741666666666666
1386,"frozenset({'tomatoes', 'cheese'})","frozenset({'sugar', 'water'})",0.7602040816326531,0.826530612244898,0.7346938775510204,0.9664429530201343,1.1692766592095452,0.10636193252811332,5.169387755102047,0.6037234042553193
1387,"frozenset({'sugar', 'cheese'})","frozenset({'tomatoes', 'water'})",0.7857142857142857,0.8010204081632653,0.7346938775510204,0.9350649350649352,1.1673422119281993,0.10532069970845492,3.0642857142857194,0.6689814814814822
1388,"frozenset({'cheese', 'water'})","frozenset({'tomatoes', 'sugar'})",0.7551020408163265,0.8112244897959183,0.7346938775510204,0.9729729729729731,1.1993880673125958,0.12213660974593932,6.984693877551065,0.678819444444445
1389,"frozenset({'tomatoes', 'sugar'})","frozenset({'cheese', 'water'})",0.8112244897959183,0.7551020408163265,0.7346938775510204,0.9056603773584907,1.1993880673125958,0.12213660974593932,2.595918367346943,0.8806306306306313
1390,"frozenset({'tomatoes', 'water'})","frozenset({'sugar', 'cheese'})",0.8010204081632653,0.7857142857142857,0.7346938775510204,0.9171974522292995,1.1673422119281993,0.10532069970845492,2.587912087912092,0.720441595441596
1398,"frozenset({'tomatoes', 'sugar', 'juice'})",frozenset({'honey'}),0.7704081632653061,0.8367346938775511,0.75,0.9735099337748344,1.163463091584558,0.10537276134943774,6.163265306122442,0.6119425547996977
1399,"frozenset({'sugar', 'juice', 'honey'})",frozenset({'tomatoes'}),0.7602040816326531,0.8418367346938775,0.75,0.9865771812080537,1.171934106162294,0.11003227821740946,11.78316326530614,0.6118106817194966
1400,"frozenset({'tomatoes', 'honey'})","frozenset({'sugar', 'juice'})",0.7755102040816326,0.8061224489795918,0.75,0.9671052631578948,1.1997001998667556,0.12484381507705122,5.893877551020419,0.7414965986394556
1401,"frozenset({'tomatoes', 'juice'})","frozenset({'sugar', 'honey'})",0.7908163265306123,0.7857142857142857,0.75,0.9483870967741935,1.2070381231671554,0.12864431486880468,4.151785714285713,0.8199767711962836
1402,"frozenset({'tomatoes', 'sugar'})","frozenset({'juice', 'honey'})",0.8112244897959183,0.8010204081632653,0.75,0.9245283018867925,1.1541881985338303,0.10019262807163687,2.636479591836736,0.7076668505239936
1403,"frozenset({'juice', 'honey'})","frozenset({'tomatoes', 'sugar'})",0.8010204081632653,0.8112244897959183,0.75,0.9363057324840764,1.1541881985338303,0.10019262807163687,2.963775510204083,0.6713762428048143
1404,"frozenset({'sugar', 'honey'})","frozenset({'tomatoes', 'juice'})",0.7857142857142857,0.7908163265306123,0.75,0.9545454545454546,1.2070381231671554,0.12864431486880468,4.602040816326534,0.800453514739229
1405,"frozenset({'sugar', 'juice'})","frozenset({'tomatoes', 'honey'})",0.8061224489795918,0.7755102040816326,0.75,0.930379746835443,1.1997001998667556,0.12484381507705122,3.224489795918366,0.8585750089509488
1410,"frozenset({'sugar', 'juice', 'honey'})",frozenset({'water'}),0.7602040816326531,0.8367346938775511,0.7551020408163265,0.9932885906040267,1.1871009985267635,0.11901291128696367,24.326530612244525,0.6572742955721675
1413,"frozenset({'sugar', 'juice', 'water'})",frozenset({'honey'}),0.7704081632653061,0.8367346938775511,0.7551020408163265,0.9801324503311257,1.1713778064932965,0.11047480216576422,8.217687074829888,0.6372372372372371
1415,"frozenset({'sugar', 'honey'})","frozenset({'juice', 'water'})",0.7857142857142857,0.7806122448979592,0.7551020408163265,0.961038961038961,1.2311348781937017,0.14176384839650136,5.630952380952378,0.8761261261261255
1416,"frozenset({'honey', 'water'})","frozenset({'sugar', 'juice'})",0.7755102040816326,0.8061224489795918,0.7551020408163265,0.9736842105263157,1.207861425716189,0.1299458558933777,7.367346938775487,0.7665847665847663
1417,"frozenset({'sugar', 'juice'})","frozenset({'honey', 'water'})",0.8061224489795918,0.7755102040816326,0.7551020408163265,0.9367088607594936,1.207861425716189,0.1299458558933777,3.546938775510198,0.8876244665718348
1418,"frozenset({'juice', 'water'})","frozenset({'sugar', 'honey'})",0.7806122448979592,0.7857142857142857,0.7551020408163265,0.9673202614379084,1.2311348781937017,0.14176384839650136,6.5571428571428365,0.855751099937146
1420,frozenset({'honey'}),"frozenset({'sugar', 'juice', 'water'})",0.8367346938775511,0.7704081632653061,0.7551020408163265,0.9024390243902438,1.1713778064932965,0.11047480216576422,2.35331632653061,0.8961148648648648
1423,frozenset({'water'}),"frozenset({'sugar', 'juice', 'honey'})",0.8367346938775511,0.7602040816326531,0.7551020408163265,0.9024390243902438,1.1871009985267638,0.11901291128696367,2.4579081632653037,0.9653716216216213
1424,"frozenset({'tomatoes', 'honey', 'juice'})",frozenset({'water'}),0.7653061224489796,0.8367346938775511,0.75,0.9800000000000001,1.171219512195122,0.10964181591003752,8.163265306122485,0.6228926353149957
1425,"frozenset({'tomatoes', 'juice', 'water'})",frozenset({'honey'}),0.7704081632653061,0.8367346938775511,0.75,0.9735099337748344,1.163463091584558,0.10537276134943774,6.163265306122442,0.6119425547996977
1427,"frozenset({'honey', 'juice', 'water'})",frozenset({'tomatoes'}),0.7602040816326531,0.8418367346938775,0.75,0.9865771812080537,1.171934106162294,0.11003227821740946,11.78316326530614,0.6118106817194966
1428,"frozenset({'tomatoes', 'juice'})","frozenset({'honey', 'water'})",0.7908163265306123,0.7755102040816326,0.75,0.9483870967741935,1.2229202037351443,0.1367138692211578,4.349489795918366,0.8714119794259166
1429,"frozenset({'tomatoes', 'honey'})","frozenset({'juice', 'water'})",0.7755102040816326,0.7806122448979592,0.75,0.9671052631578948,1.23890608875129,0.14462723865056226,6.669387755102052,0.8589981447124303
1430,"frozenset({'tomatoes', 'water'})","frozenset({'honey', 'juice'})",0.8010204081632653,0.8010204081632653,0.75,0.9363057324840764,1.1688912329100574,0.10836630570595596,3.1239795918367363,0.7261468690040124
1431,"frozenset({'honey', 'juice'})","frozenset({'tomatoes', 'water'})",0.8010204081632653,0.8010204081632653,0.75,0.9363057324840764,1.1688912329100574,0.10836630570595596,3.1239795918367363,0.7261468690040124
1432,"frozenset({'juice', 'water'})","frozenset({'tomatoes', 'honey'})",0.7806122448979592,0.7755102040816326,0.75,0.9607843137254901,1.23890608875129,0.14462723865056226,5.724489795918356,0.8789748457522545
1433,"frozenset({'honey', 'water'})","frozenset({'tomatoes', 'juice'})",0.7755102040816326,0.7908163265306123,0.75,0.9671052631578948,1.2229202037351443,0.1367138692211578,6.359183673469399,0.8119975262832402
1438,"frozenset({'tomatoes', 'sugar', 'honey'})",frozenset({'water'}),0.7602040816326531,0.8367346938775511,0.75,0.9865771812080537,1.1790800458340154,0.1139108704706372,12.163265306122463,0.6333767549573018
1441,"frozenset({'sugar', 'honey', 'water'})",frozenset({'tomatoes'}),0.7704081632653061,0.8418367346938775,0.75,0.9735099337748344,1.1564118001204093,0.10144210745522697,5.970663265306118,0.5891156462585033
1442,"frozenset({'tomatoes', 'honey'})","frozenset({'sugar', 'water'})",0.7755102040816326,0.826530612244898,0.75,0.9671052631578948,1.1700779727095516,0.10901707621824241,5.273469387755111,0.647495361781076
1443,"frozenset({'tomatoes', 'sugar'})","frozenset({'honey', 'water'})",0.8112244897959183,0.7755102040816326,0.75,0.9245283018867925,1.192154915590864,0.1208871303623491,2.9744897959183683,0.8538334252619971
1444,"frozenset({'tomatoes', 'water'})","frozenset({'sugar', 'honey'})",0.8010204081632653,0.7857142857142857,0.75,0.9363057324840764,1.19166184134337,0.12062682215743448,3.364285714285715,0.8083028083028085
1445,"frozenset({'sugar', 'honey'})","frozenset({'tomatoes', 'water'})",0.7857142857142857,0.8010204081632653,0.75,0.9545454545454546,1.1916618413433702,0.12062682215743448,4.377551020408168,0.7505668934240367
1446,"frozenset({'honey', 'water'})","frozenset({'tomatoes', 'sugar'})",0.7755102040816326,0.8112244897959183,0.75,0.9671052631578948,1.1921549155908642,0.1208871303623491,5.7387755102040945,0.7179962894248613
1447,"frozenset({'sugar', 'water'})","frozenset({'tomatoes', 'honey'})",0.826530612244898,0.7755102040816326,0.75,0.9074074074074073,1.1700779727095516,0.10901707621824241,2.4244897959183658,0.8379351740696281
1452,"frozenset({'pepper', 'sugar', 'juice'})",frozenset({'water'}),0.7551020408163265,0.8367346938775511,0.7295918367346939,0.9662162162162162,1.1547462096242584,0.09777176176593083,4.83265306122449,0.547202797202797
1455,"frozenset({'sugar', 'juice', 'water'})",frozenset({'pepper'}),0.7704081632653061,0.8061224489795918,0.7295918367346939,0.9470198675496688,1.1747841394919942,0.10854852144939608,3.6594387755102007,0.6480186480186481
1457,"frozenset({'pepper', 'sugar'})","frozenset({'juice', 'water'})",0.7755102040816326,0.7806122448979592,0.7295918367346939,0.9407894736842105,1.2051943584451323,0.12421907538525612,3.705215419501132,0.7584233947870309
1458,"frozenset({'pepper', 'water'})","frozenset({'sugar', 'juice'})",0.75,0.8061224489795918,0.7295918367346939,0.9727891156462585,1.2067510548523206,0.125,7.124999999999992,0.6853146853146853
1459,"frozenset({'sugar', 'juice'})","frozenset({'pepper', 'water'})",0.8061224489795918,0.75,0.7295918367346939,0.9050632911392404,1.2067510548523206,0.125,2.6333333333333315,0.8836952521163047
1460,"frozenset({'juice', 'water'})","frozenset({'pepper', 'sugar'})",0.7806122448979592,0.7755102040816326,0.7295918367346939,0.9346405228758169,1.2051943584451323,0.12421907538525612,3.4346938775510156,0.7760611481541714
1462,frozenset({'pepper'}),"frozenset({'sugar', 'juice', 'water'})",0.8061224489795918,0.7704081632653061,0.7295918367346939,0.9050632911392404,1.1747841394919942,0.10854852144939608,2.4183673469387736,0.7673905042326095
1466,"frozenset({'tomatoes', 'pepper', 'juice'})",frozenset({'water'}),0.7397959183673469,0.8367346938775511,0.7295918367346939,0.9862068965517241,1.178637510513036,0.11057892544773007,11.836734693877524,0.5824763471822293
1468,"frozenset({'tomatoes', 'juice', 'water'})",frozenset({'pepper'}),0.7704081632653061,0.8061224489795918,0.7295918367346939,0.9470198675496688,1.1747841394919942,0.10854852144939608,3.6594387755102007,0.6480186480186481
1469,"frozenset({'pepper', 'juice', 'water'})",frozenset({'tomatoes'}),0.7397959183673469,0.8418367346938775,0.7295918367346939,0.9862068965517241,1.1714942528735632,0.10680445647646808,11.466836734693855,0.5625942684766211
1470,"frozenset({'tomatoes', 'pepper'})","frozenset({'juice', 'water'})",0.75,0.7806122448979592,0.7295918367346939,0.9727891156462585,1.2461873638344225,0.14413265306122447,8.06249999999999,0.7902097902097901
1471,"frozenset({'tomatoes', 'juice'})","frozenset({'pepper', 'water'})",0.7908163265306123,0.75,0.7295918367346939,0.9225806451612902,1.2301075268817203,0.13647959183673464,3.229166666666663,0.8942520893740404
1472,"frozenset({'tomatoes', 'water'})","frozenset({'pepper', 'juice'})",0.8010204081632653,0.7857142857142857,0.7295918367346939,0.910828025477707,1.1592356687898089,0.10021865889212833,2.4030612244897966,0.6903353057199213
1473,"frozenset({'pepper', 'juice'})","frozenset({'tomatoes', 'water'})",0.7857142857142857,0.8010204081632653,0.7295918367346939,0.9285714285714286,1.159235668789809,0.10021865889212833,2.785714285714288,0.6410256410256413
1474,"frozenset({'pepper', 'water'})","frozenset({'tomatoes', 'juice'})",0.75,0.7908163265306123,0.7295918367346939,0.9727891156462585,1.2301075268817203,0.13647959183673464,7.68749999999999,0.748251748251748
1475,"frozenset({'juice', 'water'})","frozenset({'tomatoes', 'pepper'})",0.7806122448979592,0.75,0.7295918367346939,0.9346405228758169,1.2461873638344225,0.14413265306122447,3.824999999999994,0.900471621401854
1477,frozenset({'pepper'}),"frozenset({'tomatoes', 'juice', 'water'})",0.8061224489795918,0.7704081632653061,0.7295918367346939,0.9050632911392404,1.1747841394919942,0.10854852144939608,2.4183673469387736,0.7673905042326095
1480,"frozenset({'tomatoes', 'sugar', 'juice'})",frozenset({'water'}),0.7704081632653061,0.8367346938775511,0.7602040816326531,0.9867549668874172,1.179292521402035,0.11557684298209081,12.326530612244833,0.662192393736018
1483,"frozenset({'sugar', 'juice', 'water'})",frozenset({'tomatoes'}),0.7704081632653061,0.8418367346938775,0.7602040816326531,0.9867549668874172,1.1721452939995987,0.11164618908788004,11.941326530612185,0.6396718866517525
1484,"frozenset({'tomatoes', 'juice'})","frozenset({'sugar', 'water'})",0.7908163265306123,0.826530612244898,0.7602040816326531,0.9612903225806452,1.163042612504978,0.10657017909204491,4.481292517006803,0.6701587821247338
1485,"frozenset({'tomatoes', 'sugar'})","frozenset({'juice', 'water'})",0.8112244897959183,0.7806122448979592,0.7602040816326531,0.9371069182389937,1.2004768364368807,0.1269523115368597,3.4882653061224493,0.8846363141665157
1486,"frozenset({'tomatoes', 'water'})","frozenset({'sugar', 'juice'})",0.8010204081632653,0.8061224489795918,0.7602040816326531,0.9490445859872613,1.1772958155285014,0.11448354852144949,3.804846938775519,0.7568404749612806
1487,"frozenset({'sugar', 'juice'})","frozenset({'tomatoes', 'water'})",0.8061224489795918,0.8010204081632653,0.7602040816326531,0.9430379746835443,1.1772958155285014,0.11448354852144949,3.4931972789115675,0.7767573295655251
1488,"frozenset({'juice', 'water'})","frozenset({'tomatoes', 'sugar'})",0.7806122448979592,0.8112244897959183,0.7602040816326531,0.9738562091503268,1.200476836436881,0.1269523115368597,7.220663265306119,0.761198688933979
1489,"frozenset({'sugar', 'water'})","frozenset({'tomatoes', 'juice'})",0.826530612244898,0.7908163265306123,0.7602040816326531,0.9197530864197531,1.163042612504978,0.10657017909204491,2.6067503924646767,0.808132649032767
1490,frozenset({'tomatoes'}),"frozenset({'sugar', 'juice', 'water'})",0.8418367346938775,0.7704081632653061,0.7602040816326531,0.9030303030303031,1.1721452939995987,0.11164618908788004,2.3676658163265314,0.9285559644944792
1493,frozenset({'water'}),"frozenset({'tomatoes', 'sugar', 'juice'})",0.8367346938775511,0.7704081632653061,0.7602040816326531,0.9085365853658536,1.179292521402035,0.11557684298209081,2.5102040816326507,0.9312080536912755
1494,"frozenset({'tomatoes', 'salt', 'sugar'})",frozenset({'water'}),0.75,0.8367346938775511,0.7346938775510204,0.979591836734694,1.1707317073170733,0.1071428571428571,8.000000000000032,0.583333333333333
1499,"frozenset({'tomatoes', 'sugar'})","frozenset({'salt', 'water'})",0.8112244897959183,0.7806122448979592,0.7346938775510204,0.9056603773584907,1.160192378838328,0.10144210745522708,2.3255102040816356,0.7314189189189193
1502,"frozenset({'salt', 'water'})","frozenset({'tomatoes', 'sugar'})",0.7806122448979592,0.8112244897959183,0.7346938775510204,0.9411764705882353,1.160192378838328,0.10144210745522708,3.2091836734693877,0.6293604651162797
1509,"frozenset({'beer', 'sugar', 'juice', 'water'})",frozenset({'tomatoes'}),0.7397959183673469,0.8418367346938775,0.7295918367346939,0.9862068965517241,1.1714942528735632,0.10680445647646808,11.466836734693855,0.5625942684766211
1510,"frozenset({'beer', 'tomatoes', 'sugar', 'juice'})",frozenset({'water'}),0.7397959183673469,0.8367346938775511,0.7295918367346939,0.9862068965517241,1.178637510513036,0.11057892544773007,11.836734693877524,0.5824763471822293
1513,"frozenset({'beer', 'juice', 'water'})","frozenset({'tomatoes', 'sugar'})",0.75,0.8112244897959183,0.7295918367346939,0.9727891156462585,1.19916142557652,0.12117346938775508,6.937499999999994,0.6643356643356643
1514,"frozenset({'beer', 'tomatoes', 'juice'})","frozenset({'sugar', 'water'})",0.7602040816326531,0.826530612244898,0.7295918367346939,0.959731543624161,1.1611566824094788,0.10125989171178673,4.307823129251695,0.578782919208451
1515,"frozenset({'beer', 'sugar', 'juice'})","frozenset({'tomatoes', 'water'})",0.7755102040816326,0.8010204081632653,0.7295918367346939,0.9407894736842105,1.174488769694938,0.10839233652644731,3.3605442176870746,0.6617927527018436
1516,"frozenset({'beer', 'tomatoes', 'water'})","frozenset({'sugar', 'juice'})",0.7653061224489796,0.8061224489795918,0.7295918367346939,0.9533333333333334,1.1826160337552742,0.11266139108704709,4.15451895043732,0.6579507449072667
1517,"frozenset({'beer', 'sugar', 'water'})","frozenset({'tomatoes', 'juice'})",0.7908163265306123,0.7908163265306123,0.7295918367346939,0.9225806451612902,1.1666181061394378,0.1042013744273218,2.7019557823129214,0.682756268122121
1518,"frozenset({'beer', 'tomatoes', 'sugar'})","frozenset({'juice', 'water'})",0.7755102040816326,0.7806122448979592,0.7295918367346939,0.9407894736842105,1.2051943584451323,0.12421907538525612,3.705215419501132,0.7584233947870309
1520,"frozenset({'sugar', 'juice', 'water'})","frozenset({'beer', 'tomatoes'})",0.7704081632653061,0.8061224489795918,0.7295918367346939,0.9470198675496688,1.1747841394919942,0.10854852144939608,3.6594387755102007,0.6480186480186481
1521,"frozenset({'tomatoes', 'sugar', 'juice'})","frozenset({'beer', 'water'})",0.7704081632653061,0.8010204081632653,0.7295918367346939,0.9470198675496688,1.182266841017421,0.11247917534360685,3.755739795918365,0.6714840714840716
1524,"frozenset({'beer', 'water'})","frozenset({'tomatoes', 'sugar', 'juice'})",0.8010204081632653,0.7704081632653061,0.7295918367346939,0.910828025477707,1.182266841017421,0.11247917534360685,2.574708454810496,0.7747893132508517
1525,"frozenset({'beer', 'tomatoes'})","frozenset({'sugar', 'juice', 'water'})",0.8061224489795918,0.7704081632653061,0.7295918367346939,0.9050632911392404,1.1747841394919942,0.10854852144939608,2.4183673469387736,0.7673905042326095
1527,"frozenset({'juice', 'water'})","frozenset({'beer', 'tomatoes', 'sugar'})",0.7806122448979592,0.7755102040816326,0.7295918367346939,0.9346405228758169,1.2051943584451323,0.12421907538525612,3.4346938775510156,0.7760611481541714
1528,"frozenset({'tomatoes', 'juice'})","frozenset({'beer', 'sugar', 'water'})",0.7908163265306123,0.7908163265306123,0.7295918367346939,0.9225806451612902,1.1666181061394378,0.1042013744273218,2.7019557823129214,0.682756268122121
1529,"frozenset({'sugar', 'juice'})","frozenset({'beer', 'tomatoes', 'water'})",0.8061224489795918,0.7653061224489796,0.7295918367346939,0.9050632911392404,1.1826160337552742,0.11266139108704709,2.4721088435374137,0.7964666912035335
1530,"frozenset({'tomatoes', 'water'})","frozenset({'beer', 'sugar', 'juice'})",0.8010204081632653,0.7755102040816326,0.7295918367346939,0.910828025477707,1.174488769694938,0.10839233652644731,2.5174927113702634,0.7466379774072079
1538,"frozenset({'cheese', 'sugar', 'juice', 'water'})",frozenset({'honey'}),0.7397959183673469,0.8367346938775511,0.7295918367346939,0.9862068965517241,1.178637510513036,0.11057892544773007,11.836734693877524,0.5824763471822293
1540,"frozenset({'honey', 'sugar', 'juice', 'water'})",frozenset({'cheese'}),0.7551020408163265,0.8316326530612245,0.7295918367346939,0.9662162162162162,1.1618305421986403,0.10162432319866721,4.983673469387758,0.5687645687645686
1541,"frozenset({'cheese', 'honey', 'sugar', 'juice'})",frozenset({'water'}),0.7346938775510204,0.8367346938775511,0.7295918367346939,0.9930555555555555,1.186822493224932,0.11484798000832974,23.510204081632356,0.5933297471759006
1543,"frozenset({'cheese', 'juice', 'water'})","frozenset({'honey', 'sugar'})",0.75,0.7857142857142857,0.7295918367346939,0.9727891156462585,1.2380952380952381,0.14030612244897955,7.874999999999992,0.769230769230769
1544,"frozenset({'sugar', 'juice', 'water'})","frozenset({'honey', 'cheese'})",0.7704081632653061,0.7755102040816326,0.7295918367346939,0.9470198675496688,1.221157197629836,0.13213244481466058,4.23724489795918,0.788811188811189
1545,"frozenset({'honey', 'juice', 'water'})","frozenset({'sugar', 'cheese'})",0.7602040816326531,0.7857142857142857,0.7295918367346939,0.959731543624161,1.221476510067114,0.13228862973760935,5.321428571428565,0.756137479541735
1546,"frozenset({'cheese', 'sugar', 'juice'})","frozenset({'honey', 'water'})",0.7653061224489796,0.7755102040816326,0.7295918367346939,0.9533333333333334,1.2292982456140351,0.1360891295293628,4.810495626822162,0.79477044694436
1547,"frozenset({'cheese', 'honey', 'juice'})","frozenset({'sugar', 'water'})",0.7653061224489796,0.826530612244898,0.7295918367346939,0.9533333333333334,1.1534156378600824,0.09704289879216987,3.71720116618076,0.5667376102158707
1548,"frozenset({'honey', 'sugar', 'juice'})","frozenset({'cheese', 'water'})",0.7602040816326531,0.7551020408163265,0.7295918367346939,0.959731543624161,1.270995828042808,0.1555601832569763,6.0816326530612175,0.8891533997916978
1549,"frozenset({'sugar', 'cheese', 'water'})","frozenset({'honey', 'juice'})",0.7448979591836735,0.8010204081632653,0.7295918367346939,0.9794520547945205,1.2227554314632232,0.13291336942940435,9.683673469387719,0.7141258741258739
1550,"frozenset({'honey', 'cheese', 'water'})","frozenset({'sugar', 'juice'})",0.7397959183673469,0.8061224489795918,0.7295918367346939,0.9862068965517241,1.2233958969882146,0.1332257392753019,14.056122448979563,0.701768819415878
1551,"frozenset({'honey', 'sugar', 'water'})","frozenset({'cheese', 'juice'})",0.7704081632653061,0.8112244897959183,0.7295918367346939,0.9470198675496688,1.1673955599983339,0.10461786755518532,3.5631377551020385,0.6245532245532245
1552,"frozenset({'honey', 'sugar', 'cheese'})","frozenset({'juice', 'water'})",0.7448979591836735,0.7806122448979592,0.7295918367346939,0.9794520547945205,1.2547228937236994,0.14811536859641805,10.676870748299276,0.7958041958041954
1553,"frozenset({'juice', 'water'})","frozenset({'honey', 'sugar', 'cheese'})",0.7806122448979592,0.7448979591836735,0.7295918367346939,0.9346405228758169,1.2547228937236994,0.14811536859641805,3.903061224489789,0.92535371605139
1555,"frozenset({'sugar', 'juice'})","frozenset({'honey', 'cheese', 'water'})",0.8061224489795918,0.7397959183673469,0.7295918367346939,0.9050632911392404,1.2233958969882146,0.1332257392753019,2.7408163265306107,0.941847626058152
1556,"frozenset({'honey', 'juice'})","frozenset({'sugar', 'cheese', 'water'})",0.8010204081632653,0.7448979591836735,0.7295918367346939,0.910828025477707,1.222755431463223,0.13291336942940435,2.860787172011662,0.9155459924690686
1557,"frozenset({'cheese', 'water'})","frozenset({'honey', 'sugar', 'juice'})",0.7551020408163265,0.7602040816326531,0.7295918367346939,0.9662162162162162,1.270995828042808,0.1555601832569763,7.0979591836734715,0.8706293706293706
1559,"frozenset({'honey', 'water'})","frozenset({'cheese', 'sugar', 'juice'})",0.7755102040816326,0.7653061224489796,0.7295918367346939,0.9407894736842105,1.2292982456140351,0.1360891295293628,3.9637188208616774,0.8308963763509221
1560,"frozenset({'sugar', 'cheese'})","frozenset({'honey', 'juice', 'water'})",0.7857142857142857,0.7602040816326531,0.7295918367346939,0.9285714285714286,1.221476510067114,0.13228862973760935,3.3571428571428585,0.8461538461538463
1561,"frozenset({'honey', 'cheese'})","frozenset({'sugar', 'juice', 'water'})",0.7755102040816326,0.7704081632653061,0.7295918367346939,0.9407894736842105,1.221157197629836,0.13213244481466058,3.877551020408162,0.806738715829625
1562,"frozenset({'honey', 'sugar'})","frozenset({'cheese', 'juice', 'water'})",0.7857142857142857,0.75,0.7295918367346939,0.9285714285714286,1.2380952380952381,0.14030612244897955,3.5000000000000018,0.8974358974358971
1569,"frozenset({'cheese', 'sugar', 'juice', 'water'})",frozenset({'tomatoes'}),0.7397959183673469,0.8418367346938775,0.7295918367346939,0.9862068965517241,1.1714942528735632,0.10680445647646808,11.466836734693855,0.5625942684766211
1570,"frozenset({'tomatoes', 'sugar', 'juice', 'water'})",frozenset({'cheese'}),0.7602040816326531,0.8316326530612245,0.7295918367346939,0.959731543624161,1.1540330217811998,0.09738129945855889,4.181122448979587,0.5566135991667904
1571,"frozenset({'cheese', 'tomatoes', 'sugar', 'juice'})",frozenset({'water'}),0.7346938775510204,0.8367346938775511,0.7295918367346939,0.9930555555555555,1.186822493224932,0.11484798000832974,23.510204081632356,0.5933297471759006
1573,"frozenset({'cheese', 'juice', 'water'})","frozenset({'tomatoes', 'sugar'})",0.75,0.8112244897959183,0.7295918367346939,0.9727891156462585,1.19916142557652,0.12117346938775508,6.937499999999994,0.6643356643356643
1574,"frozenset({'tomatoes', 'juice', 'water'})","frozenset({'sugar', 'cheese'})",0.7704081632653061,0.7857142857142857,0.7295918367346939,0.9470198675496688,1.205298013245033,0.12427113702623904,4.044642857142854,0.7418803418803418
1575,"frozenset({'sugar', 'juice', 'water'})","frozenset({'tomatoes', 'cheese'})",0.7704081632653061,0.7602040816326531,0.7295918367346939,0.9470198675496688,1.2457442553002356,0.14392440649729277,4.526147959183669,0.8592074592074591
1576,"frozenset({'cheese', 'tomatoes', 'juice'})","frozenset({'sugar', 'water'})",0.7448979591836735,0.826530612244898,0.7295918367346939,0.9794520547945205,1.185016066294605,0.1139108704706372,8.442176870748265,0.612027972027972
1577,"frozenset({'cheese', 'sugar', 'juice'})","frozenset({'tomatoes', 'water'})",0.7653061224489796,0.8010204081632653,0.7295918367346939,0.9533333333333334,1.1901486199575373,0.1165660141607664,4.263848396501462,0.6807540285801157
1578,"frozenset({'tomatoes', 'sugar', 'juice'})","frozenset({'cheese', 'water'})",0.7704081632653061,0.7551020408163265,0.7295918367346939,0.9470198675496688,1.2541614462144264,0.14785506039150353,4.622448979591834,0.8826728826728827
1579,"frozenset({'tomatoes', 'cheese', 'water'})","frozenset({'sugar', 'juice'})",0.7448979591836735,0.8061224489795918,0.7295918367346939,0.9794520547945205,1.2150164730362405,0.1291128696376509,9.435374149659825,0.6937062937062934
1580,"frozenset({'sugar', 'cheese', 'water'})","frozenset({'tomatoes', 'juice'})",0.7448979591836735,0.7908163265306123,0.7295918367346939,0.9794520547945205,1.2385329209014582,0.14051436901291114,10.180272108843495,0.7549650349650344
1582,"frozenset({'tomatoes', 'sugar', 'cheese'})","frozenset({'juice', 'water'})",0.75,0.7806122448979592,0.7295918367346939,0.9727891156462585,1.2461873638344225,0.14413265306122447,8.06249999999999,0.7902097902097901
1583,"frozenset({'juice', 'water'})","frozenset({'tomatoes', 'sugar', 'cheese'})",0.7806122448979592,0.75,0.7295918367346939,0.9346405228758169,1.2461873638344225,0.14413265306122447,3.824999999999994,0.900471621401854
1585,"frozenset({'tomatoes', 'juice'})","frozenset({'sugar', 'cheese', 'water'})",0.7908163265306123,0.7448979591836735,0.7295918367346939,0.9225806451612902,1.238532920901458,0.14051436901291114,3.29506802721088,0.9206890670305298
1586,"frozenset({'sugar', 'juice'})","frozenset({'tomatoes', 'cheese', 'water'})",0.8061224489795918,0.7448979591836735,0.7295918367346939,0.9050632911392404,1.2150164730362405,0.1291128696376509,2.6870748299319707,0.912771439087228
1587,"frozenset({'cheese', 'water'})","frozenset({'tomatoes', 'sugar', 'juice'})",0.7551020408163265,0.7704081632653061,0.7295918367346939,0.9662162162162162,1.2541614462144264,0.14785506039150353,6.795918367346941,0.8275058275058274
1588,"frozenset({'tomatoes', 'water'})","frozenset({'cheese', 'sugar', 'juice'})",0.8010204081632653,0.7653061224489796,0.7295918367346939,0.910828025477707,1.1901486199575373,0.1165660141607664,2.6319241982507298,0.8029406490944954
1590,"frozenset({'tomatoes', 'cheese'})","frozenset({'sugar', 'juice', 'water'})",0.7602040816326531,0.7704081632653061,0.7295918367346939,0.959731543624161,1.2457442553002354,0.14392440649729277,5.70153061224489,0.8226454396667161
1591,"frozenset({'sugar', 'cheese'})","frozenset({'tomatoes', 'juice', 'water'})",0.7857142857142857,0.7704081632653061,0.7295918367346939,0.9285714285714286,1.205298013245033,0.12427113702623904,3.2142857142857153,0.7948717948717947
1598,"frozenset({'tomatoes', 'sugar', 'juice', 'water'})",frozenset({'honey'}),0.7602040816326531,0.8367346938775511,0.7448979591836735,0.9798657718120806,1.171059093141267,0.10880882965431071,8.108843537414975,0.6091518507723696
1600,"frozenset({'honey', 'sugar', 'juice', 'water'})",frozenset({'tomatoes'}),0.7551020408163265,0.8418367346938775,0.7448979591836735,0.9864864864864866,1.171826371826372,0.10922532278217423,11.704081632653182,0.5987442922374435
1601,"frozenset({'tomatoes', 'honey', 'sugar', 'juice'})",frozenset({'water'}),0.75,0.8367346938775511,0.7448979591836735,0.9931972789115647,1.1869918699186992,0.11734693877551017,24.00000000000036,0.6301369863013696
1603,"frozenset({'tomatoes', 'juice', 'water'})","frozenset({'honey', 'sugar'})",0.7704081632653061,0.7857142857142857,0.7448979591836735,0.9668874172185431,1.2305839855508731,0.1395772594752187,6.471428571428582,0.8161339421613397
1604,"frozenset({'sugar', 'juice', 'water'})","frozenset({'tomatoes', 'honey'})",0.7704081632653061,0.7755102040816326,0.7448979591836735,0.9668874172185431,1.246775880097595,0.14743856726364024,6.7795918367347054,0.8621004566210051
1605,"frozenset({'honey', 'juice', 'water'})","frozenset({'tomatoes', 'sugar'})",0.7602040816326531,0.8112244897959183,0.7448979591836735,0.9798657718120806,1.2078848507872189,0.12820179092044992,9.37585034013607,0.7177207811133786
1606,"frozenset({'tomatoes', 'sugar', 'juice'})","frozenset({'honey', 'water'})",0.7704081632653061,0.7755102040816326,0.7448979591836735,0.9668874172185431,1.246775880097595,0.14743856726364024,6.7795918367347054,0.8621004566210051
1607,"frozenset({'tomatoes', 'honey', 'juice'})","frozenset({'sugar', 'water'})",0.7653061224489796,0.826530612244898,0.7448979591836735,0.9733333333333335,1.17761316872428,0.11234902124114954,6.5051020408163645,0.6426444312090529
1608,"frozenset({'honey', 'sugar', 'juice'})","frozenset({'tomatoes', 'water'})",0.7602040816326531,0.8010204081632653,0.7448979591836735,0.9798657718120806,1.2232719189501133,0.1359589754269055,9.882653061224508,0.7611483532497816
1609,"frozenset({'tomatoes', 'sugar', 'water'})","frozenset({'honey', 'juice'})",0.7908163265306123,0.8010204081632653,0.7448979591836735,0.9419354838709677,1.1759194575713992,0.11143794252394845,3.4268707482993186,0.7151687270297368
1610,"frozenset({'tomatoes', 'honey', 'water'})","frozenset({'sugar', 'juice'})",0.7551020408163265,0.8061224489795918,0.7448979591836735,0.9864864864864866,1.2237427300718442,0.13619325281132866,14.34693877551035,0.7465753424657534
1611,"frozenset({'honey', 'sugar', 'water'})","frozenset({'tomatoes', 'juice'})",0.7704081632653061,0.7908163265306123,0.7448979591836735,0.9668874172185431,1.22264473403119,0.13564660558100794,6.317346938775519,0.793150684931507
1612,"frozenset({'tomatoes', 'honey', 'sugar'})","frozenset({'juice', 'water'})",0.7602040816326531,0.7806122448979592,0.7448979591836735,0.9798657718120806,1.2552528841514234,0.15147334443981675,10.896258503401375,0.8480034975225882
1613,"frozenset({'juice', 'water'})","frozenset({'tomatoes', 'honey', 'sugar'})",0.7806122448979592,0.7602040816326531,0.7448979591836735,0.954248366013072,1.2552528841514234,0.15147334443981675,5.241253644314875,0.9268875438037593
1614,"frozenset({'tomatoes', 'juice'})","frozenset({'honey', 'sugar', 'water'})",0.7908163265306123,0.7704081632653061,0.7448979591836735,0.9419354838709677,1.22264473403119,0.13564660558100794,3.9540816326530583,0.8705312395589712
1615,"frozenset({'sugar', 'juice'})","frozenset({'tomatoes', 'honey', 'water'})",0.8061224489795918,0.7551020408163265,0.7448979591836735,0.9240506329113924,1.2237427300718442,0.13619325281132866,3.2244897959183696,0.9430425378514782
1616,"frozenset({'honey', 'juice'})","frozenset({'tomatoes', 'sugar', 'water'})",0.8010204081632653,0.7908163265306123,0.7448979591836735,0.9299363057324842,1.1759194575713994,0.11143794252394845,2.985621521335812,0.7518440463645947
1617,"frozenset({'tomatoes', 'water'})","frozenset({'honey', 'sugar', 'juice'})",0.8010204081632653,0.7602040816326531,0.7448979591836735,0.9299363057324842,1.2232719189501133,0.1359589754269055,3.4225417439703216,0.917281348788198
1618,"frozenset({'sugar', 'water'})","frozenset({'tomatoes', 'honey', 'juice'})",0.826530612244898,0.7653061224489796,0.7448979591836735,0.9012345679012346,1.17761316872428,0.11234902124114954,2.3762755102040822,0.8694601128122484
1619,"frozenset({'honey', 'water'})","frozenset({'tomatoes', 'sugar', 'juice'})",0.7755102040816326,0.7704081632653061,0.7448979591836735,0.9605263157894738,1.246775880097595,0.14743856726364024,5.816326530612259,0.8816936488169368
1620,"frozenset({'tomatoes', 'sugar'})","frozenset({'honey', 'juice', 'water'})",0.8112244897959183,0.7602040816326531,0.7448979591836735,0.918238993710692,1.2078848507872189,0.12820179092044992,2.9328885400314015,0.9116993706034806
1621,"frozenset({'tomatoes', 'honey'})","frozenset({'sugar', 'juice', 'water'})",0.7755102040816326,0.7704081632653061,0.7448979591836735,0.9605263157894738,1.246775880097595,0.14743856726364024,5.816326530612259,0.8816936488169368
1622,"frozenset({'honey', 'sugar'})","frozenset({'tomatoes', 'juice', 'water'})",0.7857142857142857,0.7704081632653061,0.7448979591836735,0.9480519480519481,1.2305839855508731,0.1395772594752187,4.419642857142865,0.8744292237442923
